{"train/loss_epoch":0.04565721709315428,"parameter_counts":{"image_encoder":{"trainable":27744,"total":27744},"point_encoder":{"trainable":4416,"total":4416},"state_encoder":{"trainable":640,"total":640},"fusion":{"trainable":82176,"total":82176},"time_mlp":{"trainable":4288,"total":4288},"denoise":{"trainable":492608,"total":492608},"policy_total":{"trainable":611872,"total":611872}},"train/step_in_epoch":1524,"num_val_samples":5580,"val_runs":["run_011","run_022","run_023","run_030","run_047","run_052","run_059","run_117","run_124","run_133"],"_step":1699,"num_train_samples":48741,"save_interval_epochs":25,"epochs":100,"val/best_loss":0.04445735858487231,"num_val_runs":10,"train/loss_step":0.007928545586764812,"val/loss_epoch":0.04500730189361742,"final_train_loss":0.04565721709315428,"_wandb":{"runtime":1873},"train/global_step":152400,"train_runs":["run_008","run_009","run_010","run_012","run_013","run_014","run_015","run_016","run_017","run_019","run_020","run_021","run_025","run_026","run_031","run_032","run_033","run_034","run_036","run_037","run_038","run_039","run_044","run_046","run_049","run_051","run_055","run_056","run_057","run_061","run_062","run_063","run_065","run_066","run_067","run_068","run_069","run_070","run_071","run_072","run_073","run_074","run_075","run_076","run_077","run_078","run_081","run_083","run_084","run_085","run_086","run_087","run_088","run_089","run_091","run_093","run_094","run_095","run_096","run_099","run_100","run_101","run_102","run_105","run_106","run_107","run_108","run_109","run_110","run_111","run_112","run_113","run_115","run_116","run_119","run_120","run_122","run_123","run_125","run_127","run_128","run_129","run_130","run_131","run_132","run_134","run_135","run_136","run_137","run_138"],"final_val_loss":0.04500730189361742,"train/epoch":100,"best_val_loss":0.04445735858487231,"num_train_runs":90,"_timestamp":1.774701671637496e+09,"_runtime":1873}