{"val/best_epoch":58,"_timestamp":1.7747795472906616e+09,"system/gpu_mem_clock_mhz":11251,"_wandb":{"runtime":7166},"_runtime":7166,"train/loss_epoch":0.024116363080604653,"_step":1753,"val/loss_epoch":0.060654060601123744,"val/best_loss":0.04706488187291792,"system/gpu_sm_clock_mhz":2730,"train/lr":0.0001,"train/epoch":103,"system/gpu_temp_c":69,"train/loss_step":0.013344625942409039,"system/gpu_util_percent":100}